<?xml version="1.0" encoding="UTF-8"?>
<jcr:root xmlns:sling="http://sling.apache.org/jcr/sling/1.0" xmlns:cq="http://www.day.com/jcr/cq/1.0" xmlns:jcr="http://www.jcp.org/jcr/1.0" xmlns:nt="http://www.jcp.org/jcr/nt/1.0"
    jcr:primaryType="nt:unstructured"
    jcr:title="Properties"
    sling:resourceType="cq/gui/components/authoring/dialog">
    <content
        jcr:primaryType="nt:unstructured"
        sling:resourceType="granite/ui/components/coral/foundation/fixedcolumns">
        <items jcr:primaryType="nt:unstructured">
            <tabs
                jcr:primaryType="nt:unstructured"
                sling:resourceType="granite/ui/components/coral/foundation/tabs"
                maximized="{Boolean}true">
                <items jcr:primaryType="nt:unstructured">
                    <name
                        jcr:primaryType="nt:unstructured"
                        sling:resourceType="granite/ui/components/coral/foundation/form/textfield"
                        fieldLabel="Name"
                        name="./name"/>
                </items>
            </tabs>
            <multifieldMap
                jcr:primaryType="nt:unstructured"
                jcr:title="Mutlifield with map"
                sling:resourceType="granite/ui/components/coral/foundation/container">
                <items jcr:primaryType="nt:unstructured">
                    <authorName
                        jcr:primaryType="nt:unstructured"
                        sling:resourceType="granite/ui/components/coral/foundation/form/textfield"
                        fieldLabel="Author Name"
                        name="./authorname"/>
                    <well
                        jcr:primaryType="nt:unstructured"
                        sling:resourceType="granite/ui/components/coral/foundation/well"
                        fieldLabel="Books">
                        <items jcr:primaryType="nt:unstructured">
                            <books
                                jcr:primaryType="nt:unstructured"
                                sling:resourceType="granite/ui/components/coral/foundation/form/multifield"
                                composite="{Boolean}false"
                                fieldLabel="Author's books">
                                <field
                                    jcr:primaryType="nt:unstructured"
                                    sling:resourceType="granite/ui/components/coral/foundation/form/textfield"
                                    name="./books"/>
                            </books>
                        </items>
                    </well>
                </items>
            </multifieldMap>
        </items>
    </content>
    <bookdetailsWithMap
        jcr:primaryType="nt:unstructured"
        sling:resourceType="granite/ui/components/coral/foundation/form/multifield"
        composite="{Boolean}true"
        fieldDescription="Book details"
        fieldLabel="Book details">
        <field
            jcr:primaryType="nt:unstructured"
            sling:resourceType="granite/ui/components/coral/foundation/container"
            emptyText="Book Details"
            name="./bookdetailswithmap">
            <items jcr:primaryType="nt:unstructured">
                <subject
                    jcr:primaryType="nt:unstructured"
                    sling:resourceType="granite/ui/components/coral/foundation/form/textfield"
                    emptyText="Book Subject"
                    fieldLabel="Book Subject"
                    name="./booksubject"/>
                <published
                    jcr:primaryType="nt:unstructured"
                    sling:resourceType="granite/ui/components/coral/foundation/form/textfield"
                    emptyText="Book Name"
                    fieldLabel="Book published year"
                    name="./bookpublished"/>
                <book
                    jcr:primaryType="nt:unstructured"
                    sling:resourceType="granite/ui/components/coral/foundation/form/textfield"
                    emptyText="Book Name"
                    fieldLabel="Book Name"
                    name="./bookname"/>
            </items>
        </field>
    </bookdetailsWithMap>
</jcr:root>
